place,horse_no,horse,jockey,trainer,actual_weight,declared_horse_weight,draw,lbw,running_position,finish_time,win_odds,race,class,going,turf,prize,location,date
1,8,MASTER FAY(E162),J Moreira,C Fownes,126,1185,11,-,"7                                                        

6                                                        

1",1:09.68,1.6,1(306),Class 4 - 1200M - (60-40),GOOD,"TURF - ""B+2"" Course","HK$ 1,000,000",Sha Tin,2021/01/01
2,10,TRAVEL GLORY(E170),V Borges,C W Chang,126,1047,1,2-1/2,"5                                                        

4                                                        

2",1:10.09,122,1(306),Class 4 - 1200M - (60-40),GOOD,"TURF - ""B+2"" Course","HK$ 1,000,000",Sha Tin,2021/01/01
3,14,BRILLIANT(C005),K C Leung,C H Yip,118,1015,3,3-3/4,"8                                                        

9                                                        

3",1:10.29,21,1(306),Class 4 - 1200M - (60-40),GOOD,"TURF - ""B+2"" Course","HK$ 1,000,000",Sha Tin,2021/01/01
4,6,JOYFUL WIN(D451),T Piccone,P F Yiu,126,1130,2,4,"1                                                        

1                                                        

4",1:10.31,72,1(306),Class 4 - 1200M - (60-40),GOOD,"TURF - ""B+2"" Course","HK$ 1,000,000",Sha Tin,2021/01/01
5,12,VIGOR CHAMP(C498),Z Purton,K H Ting,121,998,13,4,"13                                                        

10                                                        

5",1:10.34,6.7,1(306),Class 4 - 1200M - (60-40),GOOD,"TURF - ""B+2"" Course","HK$ 1,000,000",Sha Tin,2021/01/01
6,11,CHAMPION PRIDE(B049),B Shinn,D E Ferraris,123,1307,7,5-1/4,"10                                                        

11                                                        

6",1:10.53,35,1(306),Class 4 - 1200M - (60-40),GOOD,"TURF - ""B+2"" Course","HK$ 1,000,000",Sha Tin,2021/01/01
7,2,CHIRON(E151),C Soumillon,D A Hayes,126,1152,5,5-1/2,"6                                                        

5                                                        

7",1:10.56,9.6,1(306),Class 4 - 1200M - (60-40),GOOD,"TURF - ""B+2"" Course","HK$ 1,000,000",Sha Tin,2021/01/01
8,5,GOLDEN BOLT(E042),K Teetan,D J Whyte,126,1032,8,6,"12                                                        

8                                                        

8",1:10.62,60,1(306),Class 4 - 1200M - (60-40),GOOD,"TURF - ""B+2"" Course","HK$ 1,000,000",Sha Tin,2021/01/01
9,3,FORTUNE CARRIER(E187),A Badel,C S Shum,126,1145,10,6,"2                                                        

2                                                        

9",1:10.63,12,1(306),Class 4 - 1200M - (60-40),GOOD,"TURF - ""B+2"" Course","HK$ 1,000,000",Sha Tin,2021/01/01
10,1,BRILLIANT CHINA(D486),C Schofield,T P Yung,126,1059,12,6-1/2,"14                                                        

13                                                        

10",1:10.74,36,1(306),Class 4 - 1200M - (60-40),GOOD,"TURF - ""B+2"" Course","HK$ 1,000,000",Sha Tin,2021/01/01
11,4,FULL SAILING(C337),H T Mo,Y S Tsui,123,1157,6,7-1/4,"4                                                        

7                                                        

11",1:10.84,202,1(306),Class 4 - 1200M - (60-40),GOOD,"TURF - ""B+2"" Course","HK$ 1,000,000",Sha Tin,2021/01/01
12,9,OH BRAVO(E037),A Hamelin,W Y So,126,1173,4,7-1/4,"9                                                        

12                                                        

12",1:10.85,25,1(306),Class 4 - 1200M - (60-40),GOOD,"TURF - ""B+2"" Course","HK$ 1,000,000",Sha Tin,2021/01/01
13,7,KRAYT'S GOLD(E049),C Y Ho,F C Lor,126,1007,9,9,"11                                                        

14                                                        

13",1:11.10,130,1(306),Class 4 - 1200M - (60-40),GOOD,"TURF - ""B+2"" Course","HK$ 1,000,000",Sha Tin,2021/01/01
14,13,HERO STAR(D033),N Callan,K L Man,120,1114,14,11,"3                                                        

3                                                        

14",1:11.42,12,1(306),Class 4 - 1200M - (60-40),GOOD,"TURF - ""B+2"" Course","HK$ 1,000,000",Sha Tin,2021/01/01
WV,,DURHAM STAR(E082),M Chadwick,P O'Sullivan,126,---,---,---,---,---,---,1(306),Class 4 - 1200M - (60-40),GOOD,"TURF - ""B+2"" Course","HK$ 1,000,000",Sha Tin,2021/01/01
1,6,DIAMOND RHYME(B183),C Y Ho,F C Lor,126,1068,1,-,"4                                                        

6                                                        

4                                                        

1",1:22.60,3,2(307),Class 4 - 1400M - (60-40),GOOD,"TURF - ""B+2"" Course","HK$ 1,000,000",Sha Tin,2021/01/01
2,11,WINS ALL(C388),K Teetan,W Y So,121,1116,9,1/2,"1                                                        

1                                                        

1                                                        

2",1:22.69,4.9,2(307),Class 4 - 1400M - (60-40),GOOD,"TURF - ""B+2"" Course","HK$ 1,000,000",Sha Tin,2021/01/01
3,4,MASTER HERO(D501),J Moreira,A S Cruz,127,1108,14,1-3/4,"12                                                        

11                                                        

8                                                        

3",1:22.90,11,2(307),Class 4 - 1400M - (60-40),GOOD,"TURF - ""B+2"" Course","HK$ 1,000,000",Sha Tin,2021/01/01
4,7,DONC JE SUIS(E155),B Shinn,D A Hayes,126,1179,7,2-1/2,"11                                                        

12                                                        

12                                                        

4",1:23.00,87,2(307),Class 4 - 1400M - (60-40),GOOD,"TURF - ""B+2"" Course","HK$ 1,000,000",Sha Tin,2021/01/01
5,14,DIAMOND STAR(D017),A Badel,J Size,119,1024,10,3,"13                                                        

13                                                        

13                                                        

5",1:23.07,60,2(307),Class 4 - 1400M - (60-40),GOOD,"TURF - ""B+2"" Course","HK$ 1,000,000",Sha Tin,2021/01/01
6,3,EL JEFE(C466),K C Leung,C H Yip,128,1116,11,3-1/2,"14                                                        

14                                                        

11                                                        

6",1:23.17,12,2(307),Class 4 - 1400M - (60-40),GOOD,"TURF - ""B+2"" Course","HK$ 1,000,000",Sha Tin,2021/01/01
7,1,HELLO BEAUTY(B410),Z Purton,K L Man,132,1182,3,3-3/4,"2                                                        

4                                                        

3                                                        

7",1:23.21,3.8,2(307),Class 4 - 1400M - (60-40),GOOD,"TURF - ""B+2"" Course","HK$ 1,000,000",Sha Tin,2021/01/01
8,2,MONSTER KAKA(B319),C L Chau,D J Hall,123,1014,5,4,"7                                                        

7                                                        

5                                                        

8",1:23.24,9.2,2(307),Class 4 - 1400M - (60-40),GOOD,"TURF - ""B+2"" Course","HK$ 1,000,000",Sha Tin,2021/01/01
9,9,PRECISION DREAM(D410),H T Mo,T P Yung,120,1050,6,5-3/4,"3                                                        

5                                                        

7                                                        

9",1:23.52,333,2(307),Class 4 - 1400M - (60-40),GOOD,"TURF - ""B+2"" Course","HK$ 1,000,000",Sha Tin,2021/01/01
10,13,CRUCIATUS(C206),H N Wong,C W Chang,116,1120,12,6-3/4,"6                                                        

3                                                        

2                                                        

10",1:23.69,192,2(307),Class 4 - 1400M - (60-40),GOOD,"TURF - ""B+2"" Course","HK$ 1,000,000",Sha Tin,2021/01/01
11,10,SUPER BULLET(D001),M L Yeung,P O'Sullivan,122,1130,4,8,"9                                                        

8                                                        

9                                                        

11",1:23.86,74,2(307),Class 4 - 1400M - (60-40),GOOD,"TURF - ""B+2"" Course","HK$ 1,000,000",Sha Tin,2021/01/01
12,5,CIGARY(D512),T Piccone,Y S Tsui,126,1083,2,9-1/4,"8                                                        

9                                                        

6                                                        

12",1:24.08,44,2(307),Class 4 - 1400M - (60-40),GOOD,"TURF - ""B+2"" Course","HK$ 1,000,000",Sha Tin,2021/01/01
13,8,OURGOLDENRULES(E050),V Borges,D J Whyte,126,1170,8,9-3/4,"10                                                        

10                                                        

10                                                        

13",1:24.18,180,2(307),Class 4 - 1400M - (60-40),GOOD,"TURF - ""B+2"" Course","HK$ 1,000,000",Sha Tin,2021/01/01
PU,12,NATURAL WINNER(C489),M Chadwick,R Gibson,120,1292,13,---,"5                                                        

2                                                        

14",---,18,2(307),Class 4 - 1400M - (60-40),GOOD,"TURF - ""B+2"" Course","HK$ 1,000,000",Sha Tin,2021/01/01
1,5,EXPLOSIVE WITNESS(B001),A Badel,C Fownes,113,1191,4,-,"3                                                        

4                                                        

1",0:56.66,7.5,3(308),Group Three - 1000M ,GOOD,"TURF - ""B+2"" Course","HK$ 3,500,000",Sha Tin,2021/01/01
2,4,STRONGER(D142),C Soumillon,D J Whyte,120,1119,3,N,"5                                                        

3                                                        

2",0:56.72,3.3,3(308),Group Three - 1000M ,GOOD,"TURF - ""B+2"" Course","HK$ 3,500,000",Sha Tin,2021/01/01
3,2,BIG PARTY(B461),K Teetan,F C Lor,128,1262,2,N,"4                                                        

5                                                        

3",0:56.73,11,3(308),Group Three - 1000M ,GOOD,"TURF - ""B+2"" Course","HK$ 3,500,000",Sha Tin,2021/01/01
4,3,AMAZING STAR(B019),T Piccone,K H Ting,125,1183,1,1/2,"1                                                        

2                                                        

4",0:56.76,13,3(308),Group Three - 1000M ,GOOD,"TURF - ""B+2"" Course","HK$ 3,500,000",Sha Tin,2021/01/01
5,1,COMPUTER PATCH(D139),J Moreira,A S Cruz,133,1105,5,2-3/4,"2                                                        

1                                                        

5",0:57.12,1.6,3(308),Group Three - 1000M ,GOOD,"TURF - ""B+2"" Course","HK$ 3,500,000",Sha Tin,2021/01/01
1,3,YES WE CAN(C307),Z Purton,T P Yung,132,1265,8,-,"11                                                        

9                                                        

10                                                        

7                                                        

1",1:48.82,6.8,4(309),Class 5 - 1800M - (40-0),GOOD,"TURF - ""B+2"" Course","HK$ 750,000",Sha Tin,2021/01/01
2,14,PROUD SKY(V406),J Moreira,L Ho,115,1088,3,1-1/4,"7                                                        

8                                                        

6                                                        

5                                                        

2",1:49.03,7.5,4(309),Class 5 - 1800M - (40-0),GOOD,"TURF - ""B+2"" Course","HK$ 750,000",Sha Tin,2021/01/01
3,7,DRAGON COMMANDER(C208),K C Leung,Y S Tsui,128,1086,13,2,"13                                                        

14                                                        

14                                                        

10                                                        

3",1:49.13,18,4(309),Class 5 - 1800M - (40-0),GOOD,"TURF - ""B+2"" Course","HK$ 750,000",Sha Tin,2021/01/01
4,1,SPEED FORCE(C535),C Soumillon,D J Whyte,133,1070,1,2-1/4,"3                                                        

4                                                        

3                                                        

3                                                        

4",1:49.17,7.6,4(309),Class 5 - 1800M - (40-0),GOOD,"TURF - ""B+2"" Course","HK$ 750,000",Sha Tin,2021/01/01
5,9,SOCKET ELITE(C362),K Teetan,C H Yip,124,1067,2,3-1/4,"2                                                        

5                                                        

7                                                        

6                                                        

5",1:49.34,6,4(309),Class 5 - 1800M - (40-0),GOOD,"TURF - ""B+2"" Course","HK$ 750,000",Sha Tin,2021/01/01
6,10,FORTUNE PATROL(A245),V Borges,A T Millard,123,1044,14,3-3/4,"8                                                        

1                                                        

1                                                        

2                                                        

6",1:49.42,22,4(309),Class 5 - 1800M - (40-0),GOOD,"TURF - ""B+2"" Course","HK$ 750,000",Sha Tin,2021/01/01
7,13,YOUNG GLORY(B292),H W Lai,D E Ferraris,114,1266,11,4-1/4,"10                                                        

12                                                        

13                                                        

14                                                        

7",1:49.51,66,4(309),Class 5 - 1800M - (40-0),GOOD,"TURF - ""B+2"" Course","HK$ 750,000",Sha Tin,2021/01/01
8,5,GREAT SMART(C319),A Badel,K L Man,130,1229,12,4-1/4,"9                                                        

11                                                        

11                                                        

13                                                        

8",1:49.52,7,4(309),Class 5 - 1800M - (40-0),GOOD,"TURF - ""B+2"" Course","HK$ 750,000",Sha Tin,2021/01/01
9,4,ENJOYABLE SUCCESS(B150),A Hamelin,Y S Tsui,119,1077,4,4-3/4,"12                                                        

10                                                        

9                                                        

8                                                        

9",1:49.56,35,4(309),Class 5 - 1800M - (40-0),GOOD,"TURF - ""B+2"" Course","HK$ 750,000",Sha Tin,2021/01/01
10,12,THE JOY OF GIVING(A249),M L Yeung,C W Chang,115,1019,7,5,"4                                                        

7                                                        

8                                                        

11                                                        

10",1:49.60,29,4(309),Class 5 - 1800M - (40-0),GOOD,"TURF - ""B+2"" Course","HK$ 750,000",Sha Tin,2021/01/01
11,2,CIRCUIT NUMBER ONE(B373),M Chadwick,A S Cruz,132,1061,5,5-1/4,"1                                                        

2                                                        

2                                                        

1                                                        

11",1:49.67,5.9,4(309),Class 5 - 1800M - (40-0),GOOD,"TURF - ""B+2"" Course","HK$ 750,000",Sha Tin,2021/01/01
12,11,ROCKET HAMMER(C520),H N Wong,K H Ting,116,992,10,5-3/4,"14                                                        

13                                                        

12                                                        

12                                                        

12",1:49.75,29,4(309),Class 5 - 1800M - (40-0),GOOD,"TURF - ""B+2"" Course","HK$ 750,000",Sha Tin,2021/01/01
13,6,TURF BRILLIANT(C456),T Piccone,W Y So,130,1137,9,6-1/4,"5                                                        

3                                                        

4                                                        

4                                                        

13",1:49.81,16,4(309),Class 5 - 1800M - (40-0),GOOD,"TURF - ""B+2"" Course","HK$ 750,000",Sha Tin,2021/01/01
14,8,JOLLY FOREVER(D331),C Y Ho,C Fownes,128,1105,6,19,"6                                                        

6                                                        

5                                                        

9                                                        

14",1:51.86,18,4(309),Class 5 - 1800M - (40-0),GOOD,"TURF - ""B+2"" Course","HK$ 750,000",Sha Tin,2021/01/01
WV,,SKY GEM(C251),C Schofield,C Fownes,131,---,---,---,---,---,---,4(309),Class 5 - 1800M - (40-0),GOOD,"TURF - ""B+2"" Course","HK$ 750,000",Sha Tin,2021/01/01
1,11,CHARITY GRACE(E090),A Badel,C S Shum,121,1126,2,-,"9                                                        

9                                                        

8                                                        

1",1:22.00,5.6,5(310),Class 4 - 1400M - (60-40),GOOD,"TURF - ""B+2"" Course","HK$ 1,000,000",Sha Tin,2021/01/01
2,1,AUTHENTIC CHAMP(C039),C Y Ho,K H Ting,133,1181,11,N,"13                                                        

13                                                        

12                                                        

2",1:22.05,2,5(310),Class 4 - 1400M - (60-40),GOOD,"TURF - ""B+2"" Course","HK$ 1,000,000",Sha Tin,2021/01/01
3,9,LAND POWER(C417),K Teetan,A T Millard,126,1170,8,2-3/4,"10                                                        

10                                                        

10                                                        

3",1:22.44,28,5(310),Class 4 - 1400M - (60-40),GOOD,"TURF - ""B+2"" Course","HK$ 1,000,000",Sha Tin,2021/01/01
4,12,SAM'S LOVE(A088),K C Leung,C H Yip,121,1086,5,3,"12                                                        

11                                                        

11                                                        

4",1:22.50,25,5(310),Class 4 - 1400M - (60-40),GOOD,"TURF - ""B+2"" Course","HK$ 1,000,000",Sha Tin,2021/01/01
5,2,ULTIMATE GLORY(S235),Z Purton,K L Man,131,1291,7,3-1/2,"8                                                        

7                                                        

5                                                        

5",1:22.55,9.1,5(310),Class 4 - 1400M - (60-40),GOOD,"TURF - ""B+2"" Course","HK$ 1,000,000",Sha Tin,2021/01/01
6,8,ENJOY LIFE(A125),M F Poon,Y S Tsui,124,1145,13,4-1/4,"14                                                        

14                                                        

14                                                        

6",1:22.67,142,5(310),Class 4 - 1400M - (60-40),GOOD,"TURF - ""B+2"" Course","HK$ 1,000,000",Sha Tin,2021/01/01
7,6,FORTUNE HAPPINESS(B128),H N Wong,K W Lui,125,1131,14,5-1/4,"2                                                        

2                                                        

2                                                        

7",1:22.85,181,5(310),Class 4 - 1400M - (60-40),GOOD,"TURF - ""B+2"" Course","HK$ 1,000,000",Sha Tin,2021/01/01
8,4,HAPPY WARRIOR(A313),N Callan,C Fownes,130,1092,3,6-1/4,"7                                                        

8                                                        

9                                                        

8",1:23.00,53,5(310),Class 4 - 1400M - (60-40),GOOD,"TURF - ""B+2"" Course","HK$ 1,000,000",Sha Tin,2021/01/01
9,10,THE BEST HERO(D314),H W Lai,L Ho,123,1144,10,6-1/4,"11                                                        

12                                                        

13                                                        

9",1:23.02,336,5(310),Class 4 - 1400M - (60-40),GOOD,"TURF - ""B+2"" Course","HK$ 1,000,000",Sha Tin,2021/01/01
10,13,PARTY GENIUS(D217),C Soumillon,D J Whyte,120,1153,12,7-1/4,"1                                                        

1                                                        

1                                                        

10",1:23.16,8.5,5(310),Class 4 - 1400M - (60-40),GOOD,"TURF - ""B+2"" Course","HK$ 1,000,000",Sha Tin,2021/01/01
11,5,GOLDEN LINK(D222),M Chadwick,P F Yiu,129,1045,6,8-3/4,"4                                                        

3                                                        

4                                                        

11",1:23.41,15,5(310),Class 4 - 1400M - (60-40),GOOD,"TURF - ""B+2"" Course","HK$ 1,000,000",Sha Tin,2021/01/01
12,7,GOOD SHOT(C364),C Schofield,D J Hall,128,1014,1,9,"6                                                        

6                                                        

7                                                        

12",1:23.43,8.8,5(310),Class 4 - 1400M - (60-40),GOOD,"TURF - ""B+2"" Course","HK$ 1,000,000",Sha Tin,2021/01/01
13,14,HEY PAL(D294),J Moreira,J Size,115,1164,9,9-3/4,"3                                                        

4                                                        

3                                                        

13",1:23.54,48,5(310),Class 4 - 1400M - (60-40),GOOD,"TURF - ""B+2"" Course","HK$ 1,000,000",Sha Tin,2021/01/01
14,3,COOLCELEB(C030),B Shinn,T P Yung,130,1284,4,11-1/2,"5                                                        

5                                                        

6                                                        

14",1:23.84,160,5(310),Class 4 - 1400M - (60-40),GOOD,"TURF - ""B+2"" Course","HK$ 1,000,000",Sha Tin,2021/01/01
1,12,NAMJONG SINGS(C480),A Badel,C S Shum,115,1249,1,-,"4                                                        

4                                                        

1",1:09.16,6.7,6(311),Class 3 - 1200M - (80-60),GOOD,"TURF - ""B+2"" Course","HK$ 1,500,000",Sha Tin,2021/01/01
2,14,TRUST ME(C134),M Chadwick,C H Yip,114,1122,8,1-3/4,"2                                                        

2                                                        

2",1:09.46,14,6(311),Class 3 - 1200M - (80-60),GOOD,"TURF - ""B+2"" Course","HK$ 1,500,000",Sha Tin,2021/01/01
3,7,GREEN REIGN(D140),C Schofield,C Fownes,120,1166,9,2-3/4,"11                                                        

11                                                        

3",1:09.60,38,6(311),Class 3 - 1200M - (80-60),GOOD,"TURF - ""B+2"" Course","HK$ 1,500,000",Sha Tin,2021/01/01
4,3,SUPER DOBBIN(D352),J Moreira,A T Millard,131,1099,12,2-3/4,"12                                                        

10                                                        

4",1:09.62,2.7,6(311),Class 3 - 1200M - (80-60),GOOD,"TURF - ""B+2"" Course","HK$ 1,500,000",Sha Tin,2021/01/01
5,8,IGNITING(D481),C Y Ho,K W Lui,120,1274,4,3,"8                                                        

7                                                        

5",1:09.65,4.9,6(311),Class 3 - 1200M - (80-60),GOOD,"TURF - ""B+2"" Course","HK$ 1,500,000",Sha Tin,2021/01/01
6,11,SHADOW RUNNER(D463),K C Leung,P O'Sullivan,117,1135,14,4-1/2,"13                                                        

13                                                        

6",1:09.88,99,6(311),Class 3 - 1200M - (80-60),GOOD,"TURF - ""B+2"" Course","HK$ 1,500,000",Sha Tin,2021/01/01
7,4,SCORES OF FUN(D335),K Teetan,J Size,126,1105,11,4-1/2,"3                                                        

3                                                        

7",1:09.89,7,6(311),Class 3 - 1200M - (80-60),GOOD,"TURF - ""B+2"" Course","HK$ 1,500,000",Sha Tin,2021/01/01
8,10,ARES(D125),Z Purton,F C Lor,120,1039,5,4-1/2,"1                                                        

1                                                        

8",1:09.89,8.1,6(311),Class 3 - 1200M - (80-60),GOOD,"TURF - ""B+2"" Course","HK$ 1,500,000",Sha Tin,2021/01/01
9,6,WAR OF COURAGE(C483),A Hamelin,K L Man,123,1226,7,5,"6                                                        

6                                                        

9",1:09.98,63,6(311),Class 3 - 1200M - (80-60),GOOD,"TURF - ""B+2"" Course","HK$ 1,500,000",Sha Tin,2021/01/01
10,9,ACA POWER(E144),M F Poon,Y S Tsui,117,1009,3,5,"5                                                        

5                                                        

10",1:09.98,176,6(311),Class 3 - 1200M - (80-60),GOOD,"TURF - ""B+2"" Course","HK$ 1,500,000",Sha Tin,2021/01/01
11,5,STOICISM(E223),N Callan,D E Ferraris,125,1006,2,5-1/4,"7                                                        

8                                                        

11",1:10.01,164,6(311),Class 3 - 1200M - (80-60),GOOD,"TURF - ""B+2"" Course","HK$ 1,500,000",Sha Tin,2021/01/01
12,13,POISED TO STRIKE(D365),C Wong,D A Hayes,109,1015,6,5-1/4,"10                                                        

12                                                        

12",1:10.01,52,6(311),Class 3 - 1200M - (80-60),GOOD,"TURF - ""B+2"" Course","HK$ 1,500,000",Sha Tin,2021/01/01
13,2,MR ALDAN(C323),C L Chau,A S Cruz,125,1208,10,6-1/2,"14                                                        

14                                                        

13",1:10.19,31,6(311),Class 3 - 1200M - (80-60),GOOD,"TURF - ""B+2"" Course","HK$ 1,500,000",Sha Tin,2021/01/01
14,1,INNER FLAME(D055),C Soumillon,D J Whyte,133,1131,13,9-3/4,"9                                                        

9                                                        

14",1:10.73,25,6(311),Class 3 - 1200M - (80-60),GOOD,"TURF - ""B+2"" Course","HK$ 1,500,000",Sha Tin,2021/01/01
WV,,DIVINE REGULUS(D475),T Piccone,W Y So,121,---,---,---,---,---,---,6(311),Class 3 - 1200M - (80-60),GOOD,"TURF - ""B+2"" Course","HK$ 1,500,000",Sha Tin,2021/01/01
1,7,SEA OF LIFE(D428),C Y Ho,K W Lui,125,1124,1,-,"7                                                        

5                                                        

1",1:09.26,9.8,7(312),Class 3 - 1200M - (80-60),GOOD,"TURF - ""B+2"" Course","HK$ 1,500,000",Sha Tin,2021/01/01
2,13,TRIPLE TRIPLE(C359),M F Poon,F C Lor,113,1105,2,1-1/4,"4                                                        

3                                                        

2",1:09.43,7.5,7(312),Class 3 - 1200M - (80-60),GOOD,"TURF - ""B+2"" Course","HK$ 1,500,000",Sha Tin,2021/01/01
3,5,BIG FORTUNE(B220),C Soumillon,D J Whyte,127,1089,6,2,"6                                                        

7                                                        

3",1:09.54,7,7(312),Class 3 - 1200M - (80-60),GOOD,"TURF - ""B+2"" Course","HK$ 1,500,000",Sha Tin,2021/01/01
4,1,MASTER MONTARO(E142),Z Purton,D A Hayes,133,1307,14,2-1/2,"11                                                        

11                                                        

4",1:09.65,1.9,7(312),Class 3 - 1200M - (80-60),GOOD,"TURF - ""B+2"" Course","HK$ 1,500,000",Sha Tin,2021/01/01
5,6,TRANSCENDENT(D126),J Moreira,A S Cruz,126,1080,10,2-3/4,"3                                                        

2                                                        

5",1:09.68,11,7(312),Class 3 - 1200M - (80-60),GOOD,"TURF - ""B+2"" Course","HK$ 1,500,000",Sha Tin,2021/01/01
6,4,SILVER EXPRESS(E131),K Teetan,J Size,130,1067,8,3,"8                                                        

10                                                        

6",1:09.74,14,7(312),Class 3 - 1200M - (80-60),GOOD,"TURF - ""B+2"" Course","HK$ 1,500,000",Sha Tin,2021/01/01
7,14,TOP SCORE(V357),M L Yeung,C W Chang,114,1138,5,3,"5                                                        

6                                                        

7",1:09.76,69,7(312),Class 3 - 1200M - (80-60),GOOD,"TURF - ""B+2"" Course","HK$ 1,500,000",Sha Tin,2021/01/01
8,8,SERIOUS LIAISON(D434),A Badel,D J Hall,125,1009,12,4-1/4,"13                                                        

14                                                        

8",1:09.93,186,7(312),Class 3 - 1200M - (80-60),GOOD,"TURF - ""B+2"" Course","HK$ 1,500,000",Sha Tin,2021/01/01
9,3,CRUISING(B337),C L Chau,T P Yung,125,1200,11,4-1/2,"1                                                        

1                                                        

9",1:09.96,12,7(312),Class 3 - 1200M - (80-60),GOOD,"TURF - ""B+2"" Course","HK$ 1,500,000",Sha Tin,2021/01/01
10,12,LUCKY QUALITY(D050),M Chadwick,C Fownes,116,1086,13,5-1/2,"14                                                        

12                                                        

10",1:10.15,35,7(312),Class 3 - 1200M - (80-60),GOOD,"TURF - ""B+2"" Course","HK$ 1,500,000",Sha Tin,2021/01/01
11,9,MING WARRIOR(E128),N Callan,D E Ferraris,123,1159,4,5-1/2,"9                                                        

9                                                        

11",1:10.15,338,7(312),Class 3 - 1200M - (80-60),GOOD,"TURF - ""B+2"" Course","HK$ 1,500,000",Sha Tin,2021/01/01
12,2,SUNNY BOY(A379),T Piccone,W Y So,133,1213,7,5-3/4,"2                                                        

4                                                        

12",1:10.17,49,7(312),Class 3 - 1200M - (80-60),GOOD,"TURF - ""B+2"" Course","HK$ 1,500,000",Sha Tin,2021/01/01
13,11,STARZ HERO(D420),H T Mo,Y S Tsui,116,1249,9,6-3/4,"12                                                        

13                                                        

13",1:10.32,155,7(312),Class 3 - 1200M - (80-60),GOOD,"TURF - ""B+2"" Course","HK$ 1,500,000",Sha Tin,2021/01/01
14,10,CHEERS BABY(E041),V Borges,P O'Sullivan,127,989,3,7,"10                                                        

8                                                        

14",1:10.37,191,7(312),Class 3 - 1200M - (80-60),GOOD,"TURF - ""B+2"" Course","HK$ 1,500,000",Sha Tin,2021/01/01
WV,,SOULMATE(D404),A Hamelin,P F Yiu,122,---,---,---,---,---,---,7(312),Class 3 - 1200M - (80-60),GOOD,"TURF - ""B+2"" Course","HK$ 1,500,000",Sha Tin,2021/01/01
1,5,CHAMPION'S WAY(C061),K Teetan,J Size,118,1130,2,-,"7                                                        

8                                                        

5                                                        

1",1:20.99,8.7,8(313),Group Three - 1400M ,GOOD,"TURF - ""B+2"" Course","HK$ 3,500,000",Sha Tin,2021/01/01
2,8,SKY DARCI(D088),J Moreira,C Fownes,115,1156,1,1-1/4,"8                                                        

7                                                        

6                                                        

2",1:21.18,3.1,8(313),Group Three - 1400M ,GOOD,"TURF - ""B+2"" Course","HK$ 3,500,000",Sha Tin,2021/01/01
3,4,MIGHTY GIANT(C470),Z Purton,P F Yiu,120,1228,4,2,"5                                                        

5                                                        

3                                                        

3",1:21.31,4.9,8(313),Group Three - 1400M ,GOOD,"TURF - ""B+2"" Course","HK$ 3,500,000",Sha Tin,2021/01/01
4,3,FAT TURTLE(C215),A Badel,F C Lor,119,1163,3,3-1/2,"6                                                        

6                                                        

8                                                        

4",1:21.54,22,8(313),Group Three - 1400M ,GOOD,"TURF - ""B+2"" Course","HK$ 3,500,000",Sha Tin,2021/01/01
5,1,KA YING STAR(C198),C Schofield,A S Cruz,133,1138,7,4-3/4,"4                                                        

3                                                        

2                                                        

5",1:21.77,29,8(313),Group Three - 1400M ,GOOD,"TURF - ""B+2"" Course","HK$ 3,500,000",Sha Tin,2021/01/01
6,7,WINNING DREAMER(D358),C Y Ho,F C Lor,115,1171,5,5-1/4,"3                                                        

4                                                        

4                                                        

6",1:21.82,2.6,8(313),Group Three - 1400M ,GOOD,"TURF - ""B+2"" Course","HK$ 3,500,000",Sha Tin,2021/01/01
7,2,BUDDIES(C019),C Soumillon,A S Cruz,121,1166,8,10,"2                                                        

1                                                        

1                                                        

7",1:22.60,10,8(313),Group Three - 1400M ,GOOD,"TURF - ""B+2"" Course","HK$ 3,500,000",Sha Tin,2021/01/01
8,6,KINGS SHIELD(C071),K C Leung,F C Lor,118,1145,6,12,"1                                                        

2                                                        

7                                                        

8",1:22.89,67,8(313),Group Three - 1400M ,GOOD,"TURF - ""B+2"" Course","HK$ 3,500,000",Sha Tin,2021/01/01
1,3,CALIFORNIA RAD(D147),J Moreira,A S Cruz,130,1213,2,-,"8                                                        

8                                                        

1",1:09.20,2.4,9(314),Class 2 - 1200M - (100-80),GOOD,"TURF - ""B+2"" Course","HK$ 2,200,000",Sha Tin,2021/01/01
2,8,TEAM SPIRIT(B230),T Piccone,W Y So,123,1213,13,N,"1                                                        

1                                                        

2",1:09.25,88,9(314),Class 2 - 1200M - (100-80),GOOD,"TURF - ""B+2"" Course","HK$ 2,200,000",Sha Tin,2021/01/01
3,14,LOCKHEED(B087),A Badel,C S Shum,118,1098,5,N,"5                                                        

3                                                        

3",1:09.26,12,9(314),Class 2 - 1200M - (100-80),GOOD,"TURF - ""B+2"" Course","HK$ 2,200,000",Sha Tin,2021/01/01
4,5,BEAUTY APPLAUSE(C228),V Borges,J Size,124,1164,4,1/2,"2                                                        

2                                                        

4",1:09.28,8.8,9(314),Class 2 - 1200M - (100-80),GOOD,"TURF - ""B+2"" Course","HK$ 2,200,000",Sha Tin,2021/01/01
5,2,DUKE WAI(C188),K Teetan,P O'Sullivan,132,1139,3,3/4,"11                                                        

12                                                        

5",1:09.34,4.9,9(314),Class 2 - 1200M - (100-80),GOOD,"TURF - ""B+2"" Course","HK$ 2,200,000",Sha Tin,2021/01/01
6,4,HONG KONG BET(C082),N Callan,K H Ting,127,1129,10,1-1/4,"10                                                        

10                                                        

6",1:09.41,58,9(314),Class 2 - 1200M - (100-80),GOOD,"TURF - ""B+2"" Course","HK$ 2,200,000",Sha Tin,2021/01/01
7,11,GUY DRAGON(B377),C Y Ho,C Fownes,119,1186,1,1-1/2,"9                                                        

5                                                        

7",1:09.44,12,9(314),Class 2 - 1200M - (100-80),GOOD,"TURF - ""B+2"" Course","HK$ 2,200,000",Sha Tin,2021/01/01
8,13,WATER DIVINER(V356),H N Wong,C W Chang,116,1177,11,1-1/2,"14                                                        

14                                                        

8",1:09.46,45,9(314),Class 2 - 1200M - (100-80),GOOD,"TURF - ""B+2"" Course","HK$ 2,200,000",Sha Tin,2021/01/01
9,12,MS ALLY(E237),M F Poon,A T Millard,117,1248,14,2-1/4,"12                                                        

13                                                        

9",1:09.55,90,9(314),Class 2 - 1200M - (100-80),GOOD,"TURF - ""B+2"" Course","HK$ 2,200,000",Sha Tin,2021/01/01
10,9,HAPPY FUN(B316),M Chadwick,C H Yip,122,1134,8,4,"13                                                        

11                                                        

10",1:09.86,61,9(314),Class 2 - 1200M - (100-80),GOOD,"TURF - ""B+2"" Course","HK$ 2,200,000",Sha Tin,2021/01/01
11,1,DECRYPT(D129),B Shinn,D A Hayes,133,1019,9,5,"6                                                        

7                                                        

11",1:09.99,21,9(314),Class 2 - 1200M - (100-80),GOOD,"TURF - ""B+2"" Course","HK$ 2,200,000",Sha Tin,2021/01/01
12,6,HIGHLAND FORTUNE(C292),C Soumillon,K W Lui,124,1090,7,5-1/4,"7                                                        

9                                                        

12",1:10.06,8.7,9(314),Class 2 - 1200M - (100-80),GOOD,"TURF - ""B+2"" Course","HK$ 2,200,000",Sha Tin,2021/01/01
13,7,CZARSON(D394),Z Purton,P F Yiu,123,1112,12,7-1/2,"3                                                        

4                                                        

13",1:10.40,12,9(314),Class 2 - 1200M - (100-80),GOOD,"TURF - ""B+2"" Course","HK$ 2,200,000",Sha Tin,2021/01/01
14,10,UGLY WARRIOR(B083),H T Mo,Y S Tsui,119,1022,6,10-1/2,"4                                                        

6                                                        

14",1:10.89,161,9(314),Class 2 - 1200M - (100-80),GOOD,"TURF - ""B+2"" Course","HK$ 2,200,000",Sha Tin,2021/01/01
1,7,ROYAL BOMB(E143),C Soumillon,C Fownes,122,1102,1,-,"5                                                        

4                                                        

4                                                        

1",1:21.87,11,10(315),Class 3 - 1400M - (80-60),GOOD,"TURF - ""B+2"" Course","HK$ 1,500,000",Sha Tin,2021/01/01
2,12,BELUGA(D105),J Moreira,D J Hall,117,1098,11,N,"10                                                        

9                                                        

6                                                        

2",1:21.91,9.1,10(315),Class 3 - 1400M - (80-60),GOOD,"TURF - ""B+2"" Course","HK$ 1,500,000",Sha Tin,2021/01/01
3,10,SUNNY STAR(D273),A Badel,K W Lui,119,1011,10,1-1/2,"11                                                        

12                                                        

10                                                        

3",1:22.09,10,10(315),Class 3 - 1400M - (80-60),GOOD,"TURF - ""B+2"" Course","HK$ 1,500,000",Sha Tin,2021/01/01
4,1,E STAR(C132),N Callan,K L Man,132,1078,9,1-3/4,"8                                                        

11                                                        

9                                                        

4",1:22.15,18,10(315),Class 3 - 1400M - (80-60),GOOD,"TURF - ""B+2"" Course","HK$ 1,500,000",Sha Tin,2021/01/01
5,8,LOOKING GREAT(E053),Z Purton,F C Lor,121,1072,7,2-1/2,"9                                                        

7                                                        

8                                                        

5",1:22.26,16,10(315),Class 3 - 1400M - (80-60),GOOD,"TURF - ""B+2"" Course","HK$ 1,500,000",Sha Tin,2021/01/01
6,14,PEGASUS GLORY(D337),M F Poon,K H Ting,112,1112,8,2-1/2,"4                                                        

1                                                        

2                                                        

6",1:22.27,11,10(315),Class 3 - 1400M - (80-60),GOOD,"TURF - ""B+2"" Course","HK$ 1,500,000",Sha Tin,2021/01/01
7,3,GREAT TREASURE(T380),K C Leung,Y S Tsui,125,1035,14,2-1/2,"14                                                        

14                                                        

14                                                        

7",1:22.28,34,10(315),Class 3 - 1400M - (80-60),GOOD,"TURF - ""B+2"" Course","HK$ 1,500,000",Sha Tin,2021/01/01
8,6,FLYING SWORD(C463),A Hamelin,A S Cruz,122,1060,5,2-3/4,"7                                                        

8                                                        

12                                                        

8",1:22.32,19,10(315),Class 3 - 1400M - (80-60),GOOD,"TURF - ""B+2"" Course","HK$ 1,500,000",Sha Tin,2021/01/01
9,5,MIGHTY VALOR(C338),V Borges,P F Yiu,125,1143,2,3-1/2,"1                                                        

2                                                        

1                                                        

9",1:22.43,4.7,10(315),Class 3 - 1400M - (80-60),GOOD,"TURF - ""B+2"" Course","HK$ 1,500,000",Sha Tin,2021/01/01
10,11,DIAMOND BRILLIANT(B372),M Chadwick,T P Yung,118,1200,4,3-3/4,"2                                                        

5                                                        

3                                                        

10",1:22.47,63,10(315),Class 3 - 1400M - (80-60),GOOD,"TURF - ""B+2"" Course","HK$ 1,500,000",Sha Tin,2021/01/01
11,9,NOTHING NEW(E127),T Piccone,C W Chang,121,1052,6,4-1/2,"3                                                        

3                                                        

5                                                        

11",1:22.60,170,10(315),Class 3 - 1400M - (80-60),GOOD,"TURF - ""B+2"" Course","HK$ 1,500,000",Sha Tin,2021/01/01
12,4,HARMONY SPIRIT(D263),C L Chau,D J Whyte,118,1106,12,4-3/4,"12                                                        

13                                                        

13                                                        

12",1:22.62,47,10(315),Class 3 - 1400M - (80-60),GOOD,"TURF - ""B+2"" Course","HK$ 1,500,000",Sha Tin,2021/01/01
13,2,HEZA BEAUTY(D116),B Shinn,J Size,132,1090,13,4-3/4,"13                                                        

10                                                        

11                                                        

13",1:22.63,44,10(315),Class 3 - 1400M - (80-60),GOOD,"TURF - ""B+2"" Course","HK$ 1,500,000",Sha Tin,2021/01/01
14,13,SOARING TOWER(D500),K Teetan,W Y So,115,1072,3,5-3/4,"6                                                        

6                                                        

7                                                        

14",1:22.78,2.8,10(315),Class 3 - 1400M - (80-60),GOOD,"TURF - ""B+2"" Course","HK$ 1,500,000",Sha Tin,2021/01/01
1,8,CIRCUIT THREE(B360),J Moreira,A S Cruz,121,1136,6,-,"8                                                        

7                                                        

4                                                        

1",1:35.19,2.8,11(316),Class 2 - 1600M - (100-80),GOOD,"TURF - ""B+2"" Course","HK$ 2,200,000",Sha Tin,2021/01/01
2,13,MAXIMUS(D456),C Schofield,A T Millard,118,1123,5,1-1/4,"5                                                        

1                                                        

1                                                        

2",1:35.39,11,11(316),Class 2 - 1600M - (100-80),GOOD,"TURF - ""B+2"" Course","HK$ 2,200,000",Sha Tin,2021/01/01
3,3,LUCKY EXPRESS(D026),K Teetan,J Size,130,1158,7,1-3/4,"9                                                        

4                                                        

2                                                        

3",1:35.48,3.5,11(316),Class 2 - 1600M - (100-80),GOOD,"TURF - ""B+2"" Course","HK$ 2,200,000",Sha Tin,2021/01/01
4,10,ALPHA HEDGE(B102),V Borges,K W Lui,120,1212,1,2-1/4,"4                                                        

5                                                        

7                                                        

4",1:35.56,91,11(316),Class 2 - 1600M - (100-80),GOOD,"TURF - ""B+2"" Course","HK$ 2,200,000",Sha Tin,2021/01/01
5,4,STAR SHINE(B163),A Hamelin,K W Lui,130,1215,4,2-1/2,"6                                                        

8                                                        

10                                                        

5",1:35.59,41,11(316),Class 2 - 1600M - (100-80),GOOD,"TURF - ""B+2"" Course","HK$ 2,200,000",Sha Tin,2021/01/01
6,2,GENERAL'S DELIGHT(D022),Z Purton,D J Whyte,130,1261,11,3,"11                                                        

10                                                        

6                                                        

6",1:35.66,6.6,11(316),Class 2 - 1600M - (100-80),GOOD,"TURF - ""B+2"" Course","HK$ 2,200,000",Sha Tin,2021/01/01
7,9,PACKING WALTHAM(D457),C Soumillon,A S Cruz,121,1128,14,3,"12                                                        

12                                                        

8                                                        

7",1:35.69,9.5,11(316),Class 2 - 1600M - (100-80),GOOD,"TURF - ""B+2"" Course","HK$ 2,200,000",Sha Tin,2021/01/01
8,6,ASSIMILATE(C160),M F Poon,K H Ting,121,1113,13,5,"14                                                        

14                                                        

14                                                        

8",1:36.00,52,11(316),Class 2 - 1600M - (100-80),GOOD,"TURF - ""B+2"" Course","HK$ 2,200,000",Sha Tin,2021/01/01
9,11,INVINCIBLE MISSILE(C037),T Piccone,W Y So,119,1119,12,5,"13                                                        

13                                                        

13                                                        

9",1:36.00,29,11(316),Class 2 - 1600M - (100-80),GOOD,"TURF - ""B+2"" Course","HK$ 2,200,000",Sha Tin,2021/01/01
10,14,THE ROCK(D187),M Chadwick,C Fownes,116,1188,9,6-1/4,"10                                                        

11                                                        

11                                                        

10",1:36.19,15,11(316),Class 2 - 1600M - (100-80),GOOD,"TURF - ""B+2"" Course","HK$ 2,200,000",Sha Tin,2021/01/01
11,1,SUPER OASIS(D085),C Y Ho,P F Yiu,133,1148,8,6-1/2,"7                                                        

9                                                        

12                                                        

11",1:36.23,29,11(316),Class 2 - 1600M - (100-80),GOOD,"TURF - ""B+2"" Course","HK$ 2,200,000",Sha Tin,2021/01/01
12,7,ARTHUR'S KINGDOM(E194),K C Leung,Y S Tsui,122,973,2,7-1/2,"2                                                        

6                                                        

9                                                        

12",1:36.40,70,11(316),Class 2 - 1600M - (100-80),GOOD,"TURF - ""B+2"" Course","HK$ 2,200,000",Sha Tin,2021/01/01
13,5,THE SUMMIT(E189),B Shinn,D A Hayes,127,1072,10,8-1/2,"3                                                        

2                                                        

3                                                        

13",1:36.57,59,11(316),Class 2 - 1600M - (100-80),GOOD,"TURF - ""B+2"" Course","HK$ 2,200,000",Sha Tin,2021/01/01
14,12,KING OPIE(B034),C Wong,F C Lor,113,1135,3,11-1/2,"1                                                        

3                                                        

5                                                        

14",1:37.02,148,11(316),Class 2 - 1600M - (100-80),GOOD,"TURF - ""B+2"" Course","HK$ 2,200,000",Sha Tin,2021/01/01
1,4,FORTUNE HERO(D245),C L Chau,R Gibson,122,1171,6,-,"2                                                        

2                                                        

1",1:10.04,10,1(317),Class 5 - 1200M - (40-0),GOOD,"TURF - ""A"" Course","HK$ 750,000",Happy Valley,2021/01/06
2,12,TIGERLAD(C243),V Borges,A T Millard,114,1127,3,1,"3                                                        

4                                                        

2",1:10.19,17,1(317),Class 5 - 1200M - (40-0),GOOD,"TURF - ""A"" Course","HK$ 750,000",Happy Valley,2021/01/06
3,5,VITAL SPRING(A057),Z Purton,K W Lui,129,1146,11,1-1/4,"9                                                        

7                                                        

3",1:10.24,10,1(317),Class 5 - 1200M - (40-0),GOOD,"TURF - ""A"" Course","HK$ 750,000",Happy Valley,2021/01/06
4,2,REGENCY POET(D010),C Soumillon,K L Man,131,1230,9,1-1/2,"6                                                        

5                                                        

4",1:10.29,11,1(317),Class 5 - 1200M - (40-0),GOOD,"TURF - ""A"" Course","HK$ 750,000",Happy Valley,2021/01/06
5,3,WAYFOONG CHARMER(B437),K Teetan,P O'Sullivan,131,1114,5,1-3/4,"4                                                        

3                                                        

5",1:10.33,7.1,1(317),Class 5 - 1200M - (40-0),GOOD,"TURF - ""A"" Course","HK$ 750,000",Happy Valley,2021/01/06
6,9,SHANGHAI POWER(D097),C Y Ho,Y S Tsui,125,1014,7,2,"7                                                        

8                                                        

6",1:10.34,41,1(317),Class 5 - 1200M - (40-0),GOOD,"TURF - ""A"" Course","HK$ 750,000",Happy Valley,2021/01/06
7,8,VIVA MAMA(D408),K C Leung,L Ho,128,1227,4,2,"1                                                        

1                                                        

7",1:10.37,7.3,1(317),Class 5 - 1200M - (40-0),GOOD,"TURF - ""A"" Course","HK$ 750,000",Happy Valley,2021/01/06
8,10,GOLDEN MISSION(C106),A Hamelin,C W Chang,124,1157,8,3-1/4,"8                                                        

9                                                        

8",1:10.55,17,1(317),Class 5 - 1200M - (40-0),GOOD,"TURF - ""A"" Course","HK$ 750,000",Happy Valley,2021/01/06
9,1,DESTINE JEWELLERY(D032),J Moreira,J Size,133,1177,1,3-3/4,"5                                                        

6                                                        

9",1:10.62,2.3,1(317),Class 5 - 1200M - (40-0),GOOD,"TURF - ""A"" Course","HK$ 750,000",Happy Valley,2021/01/06
10,6,ALLOY STAR(D053),M Chadwick,T P Yung,128,1049,12,4-1/2,"12                                                        

12                                                        

10",1:10.74,119,1(317),Class 5 - 1200M - (40-0),GOOD,"TURF - ""A"" Course","HK$ 750,000",Happy Valley,2021/01/06
11,11,FIRE AND GOLD(B004),M F Poon,C H Yip,116,1075,2,4-1/2,"11                                                        

11                                                        

11",1:10.77,23,1(317),Class 5 - 1200M - (40-0),GOOD,"TURF - ""A"" Course","HK$ 750,000",Happy Valley,2021/01/06
12,7,FOR FUN'S SAKE(D242),A Badel,C Fownes,128,1041,10,5,"10                                                        

10                                                        

12",1:10.84,32,1(317),Class 5 - 1200M - (40-0),GOOD,"TURF - ""A"" Course","HK$ 750,000",Happy Valley,2021/01/06
1,3,COLONEL(D090),Z Purton,P F Yiu,128,1136,5,-,"3                                                        

2                                                        

1",1:10.27,1.9,2(318),Class 4 - 1200M - (60-40),GOOD,"TURF - ""A"" Course","HK$ 1,000,000",Happy Valley,2021/01/06
2,7,MY ECSTATIC(E004),J Moreira,F C Lor,124,1212,7,N,"1                                                        

1                                                        

2",1:10.32,7.3,2(318),Class 4 - 1200M - (60-40),GOOD,"TURF - ""A"" Course","HK$ 1,000,000",Happy Valley,2021/01/06
3,10,COURAGEOUS DRAGON(C015),T Piccone,W Y So,117,1177,6,1-1/4,"4                                                        

5                                                        

3",1:10.48,13,2(318),Class 4 - 1200M - (60-40),GOOD,"TURF - ""A"" Course","HK$ 1,000,000",Happy Valley,2021/01/06
4,4,STREET SCREAM(D234),M F Poon,D J Hall,126,1193,11,1-3/4,"12                                                        

10                                                        

4",1:10.55,43,2(318),Class 4 - 1200M - (60-40),GOOD,"TURF - ""A"" Course","HK$ 1,000,000",Happy Valley,2021/01/06
5,12,NOBLE MAN(C412),M Chadwick,J Size,115,1131,1,2-1/4,"2                                                        

3                                                        

5",1:10.63,17,2(318),Class 4 - 1200M - (60-40),GOOD,"TURF - ""A"" Course","HK$ 1,000,000",Happy Valley,2021/01/06
6,5,VUKAN(E095),K Teetan,P O'Sullivan,126,1257,4,2-1/4,"7                                                        

7                                                        

6",1:10.64,11,2(318),Class 4 - 1200M - (60-40),GOOD,"TURF - ""A"" Course","HK$ 1,000,000",Happy Valley,2021/01/06
7,1,HERCULES(C476),C L Chau,C H Yip,126,1040,10,2-1/2,"10                                                        

8                                                        

7",1:10.65,13,2(318),Class 4 - 1200M - (60-40),GOOD,"TURF - ""A"" Course","HK$ 1,000,000",Happy Valley,2021/01/06
8,9,AFTER ME(B300),H W Lai,D E Ferraris,117,1072,9,2-3/4,"8                                                        

9                                                        

8",1:10.72,77,2(318),Class 4 - 1200M - (60-40),GOOD,"TURF - ""A"" Course","HK$ 1,000,000",Happy Valley,2021/01/06
9,6,WOOD ON FIRE(C460),K C Leung,L Ho,125,1100,12,2-3/4,"11                                                        

11                                                        

9",1:10.72,11,2(318),Class 4 - 1200M - (60-40),GOOD,"TURF - ""A"" Course","HK$ 1,000,000",Happy Valley,2021/01/06
10,11,FLYING PHOTOS(D028),A Badel,Y S Tsui,115,1024,2,3-1/4,"6                                                        

6                                                        

10",1:10.79,9.8,2(318),Class 4 - 1200M - (60-40),GOOD,"TURF - ""A"" Course","HK$ 1,000,000",Happy Valley,2021/01/06
11,2,MOMENTUM HAPPY(C423),H N Wong,K H Ting,126,1078,8,5-1/4,"5                                                        

4                                                        

11",1:11.12,22,2(318),Class 4 - 1200M - (60-40),GOOD,"TURF - ""A"" Course","HK$ 1,000,000",Happy Valley,2021/01/06
12,8,RUNNING GUY(C524),H T Mo,C W Chang,116,988,3,9-3/4,"9                                                        

12                                                        

12",1:11.85,218,2(318),Class 4 - 1200M - (60-40),GOOD,"TURF - ""A"" Course","HK$ 1,000,000",Happy Valley,2021/01/06
1,3,CHARITY WINGS(B003),J Moreira,C S Shum,127,1123,8,-,"9                                                        

5                                                        

3                                                        

1",1:40.79,7.9,3(319),Class 4 - 1650M - (60-40),GOOD,"TURF - ""A"" Course","HK$ 1,000,000",Happy Valley,2021/01/06
2,1,EVER LAUGH(A278),A Badel,K L Man,130,1195,6,SH,"2                                                        

1                                                        

1                                                        

2",1:40.81,9.9,3(319),Class 4 - 1650M - (60-40),GOOD,"TURF - ""A"" Course","HK$ 1,000,000",Happy Valley,2021/01/06
3,5,FAST PACE(C427),N Callan,C Fownes,127,1203,9,N,"3                                                        

4                                                        

5                                                        

3",1:40.84,3.5,3(319),Class 4 - 1650M - (60-40),GOOD,"TURF - ""A"" Course","HK$ 1,000,000",Happy Valley,2021/01/06
4,7,DREAM WARRIORS(C280),C Soumillon,A S Cruz,124,1110,4,1-1/4,"6                                                        

2                                                        

2                                                        

4",1:41.00,4.8,3(319),Class 4 - 1650M - (60-40),GOOD,"TURF - ""A"" Course","HK$ 1,000,000",Happy Valley,2021/01/06
5,2,FEARLESS FIRE(B085),C L Chau,D A Hayes,122,1178,12,2-1/2,"11                                                        

11                                                        

8                                                        

5",1:41.20,15,3(319),Class 4 - 1650M - (60-40),GOOD,"TURF - ""A"" Course","HK$ 1,000,000",Happy Valley,2021/01/06
6,8,DIONYSUS COLLIN(B436),C Y Ho,K W Lui,121,1084,5,3-3/4,"10                                                        

10                                                        

10                                                        

6",1:41.40,19,3(319),Class 4 - 1650M - (60-40),GOOD,"TURF - ""A"" Course","HK$ 1,000,000",Happy Valley,2021/01/06
7,12,HAPPY ICHIBAN(D037),M L Yeung,D J Whyte,115,1272,2,4-1/4,"5                                                        

7                                                        

7                                                        

7",1:41.45,38,3(319),Class 4 - 1650M - (60-40),GOOD,"TURF - ""A"" Course","HK$ 1,000,000",Happy Valley,2021/01/06
8,9,LUCKY PUZZLE(D112),M F Poon,Y S Tsui,118,995,1,4-1/2,"7                                                        

9                                                        

11                                                        

8",1:41.52,38,3(319),Class 4 - 1650M - (60-40),GOOD,"TURF - ""A"" Course","HK$ 1,000,000",Happy Valley,2021/01/06
9,10,HAR HAR HEART(A224),M Chadwick,T P Yung,117,1228,10,6,"12                                                        

12                                                        

12                                                        

9",1:41.74,80,3(319),Class 4 - 1650M - (60-40),GOOD,"TURF - ""A"" Course","HK$ 1,000,000",Happy Valley,2021/01/06
10,11,ANONYMA(C496),H W Lai,D E Ferraris,116,1075,11,6-1/4,"1                                                        

3                                                        

4                                                        

10",1:41.80,48,3(319),Class 4 - 1650M - (60-40),GOOD,"TURF - ""A"" Course","HK$ 1,000,000",Happy Valley,2021/01/06
11,6,BEST FOR YOU(C223),K Teetan,Y S Tsui,126,1017,7,7-3/4,"8                                                        

8                                                        

6                                                        

11",1:42.04,12,3(319),Class 4 - 1650M - (60-40),GOOD,"TURF - ""A"" Course","HK$ 1,000,000",Happy Valley,2021/01/06
12,4,FAITHFUL TRINITY(A247),Z Purton,W Y So,127,1098,3,ML,"4                                                        

6                                                        

9                                                        

12",2:00.03,4.7,3(319),Class 4 - 1650M - (60-40),GOOD,"TURF - ""A"" Course","HK$ 1,000,000",Happy Valley,2021/01/06
1,5,SAVVY NINE(D056),C Soumillon,D J Whyte,120,1124,2,-,"7                                                        

7                                                        

7                                                        

7                                                        

1",1:48.68,3.9,4(320),Group Three - 1800M ,GOOD,"TURF - ""A"" Course","HK$ 3,500,000",Happy Valley,2021/01/06
2,6,GLORIOUS DRAGON(C120),Z Purton,K W Lui,120,1132,10,3/4,"10                                                        

10                                                        

10                                                        

8                                                        

2",1:48.82,3,4(320),Group Three - 1800M ,GOOD,"TURF - ""A"" Course","HK$ 3,500,000",Happy Valley,2021/01/06
3,4,SINGAPORE SLING(B104),C Schofield,A T Millard,123,1098,3,2,"4                                                        

5                                                        

5                                                        

4                                                        

3",1:49.02,9.8,4(320),Group Three - 1800M ,GOOD,"TURF - ""A"" Course","HK$ 3,500,000",Happy Valley,2021/01/06
4,3,HARMONY VICTORY(B405),A Badel,C S Shum,129,1089,4,3,"9                                                        

8                                                        

8                                                        

9                                                        

4",1:49.15,8.4,4(320),Group Three - 1800M ,GOOD,"TURF - ""A"" Course","HK$ 3,500,000",Happy Valley,2021/01/06
5,10,CINQUANTE CINQ(B404),M Chadwick,T P Yung,113,1071,1,3-1/4,"6                                                        

6                                                        

6                                                        

6                                                        

5",1:49.21,44,4(320),Group Three - 1800M ,GOOD,"TURF - ""A"" Course","HK$ 3,500,000",Happy Valley,2021/01/06
6,1,TIME WARP(A066),C Y Ho,A S Cruz,133,1248,9,4-1/4,"2                                                        

1                                                        

1                                                        

1                                                        

6",1:49.36,25,4(320),Group Three - 1800M ,GOOD,"TURF - ""A"" Course","HK$ 3,500,000",Happy Valley,2021/01/06
7,7,RELIABLE TEAM(C345),J Moreira,F C Lor,116,1128,8,4-1/4,"3                                                        

2                                                        

2                                                        

2                                                        

7",1:49.37,3.8,4(320),Group Three - 1800M ,GOOD,"TURF - ""A"" Course","HK$ 3,500,000",Happy Valley,2021/01/06
8,8,BEAR AGAIN(C301),V Borges,D E Ferraris,113,1083,5,4-1/2,"1                                                        

3                                                        

3                                                        

3                                                        

8",1:49.39,47,4(320),Group Three - 1800M ,GOOD,"TURF - ""A"" Course","HK$ 3,500,000",Happy Valley,2021/01/06
9,9,INSAYSHABLE(B156),M F Poon,Y S Tsui,113,1094,7,10-1/2,"8                                                        

9                                                        

9                                                        

10                                                        

9",1:50.37,32,4(320),Group Three - 1800M ,GOOD,"TURF - ""A"" Course","HK$ 3,500,000",Happy Valley,2021/01/06
10,2,SIMPLY BRILLIANT(B090),K C Leung,F C Lor,132,1156,6,18-1/2,"5                                                        

4                                                        

4                                                        

5                                                        

10",1:51.64,35,4(320),Group Three - 1800M ,GOOD,"TURF - ""A"" Course","HK$ 3,500,000",Happy Valley,2021/01/06
1,3,NORDIC WARRIOR(B371),C L Chau,R Gibson,123,1108,3,-,"11                                                        

10                                                        

1",1:10.48,4.3,5(321),Class 4 - 1200M - (60-40),GOOD,"TURF - ""A"" Course","HK$ 1,000,000",Happy Valley,2021/01/06
2,9,SHINING ON(A359),C Y Ho,K W Lui,125,1028,6,1/2,"8                                                        

8                                                        

2",1:10.55,9.9,5(321),Class 4 - 1200M - (60-40),GOOD,"TURF - ""A"" Course","HK$ 1,000,000",Happy Valley,2021/01/06
3,8,HAPPY TIME(B272),B Shinn,W Y So,125,1187,8,3/4,"1                                                        

1                                                        

3",1:10.60,27,5(321),Class 4 - 1200M - (60-40),GOOD,"TURF - ""A"" Course","HK$ 1,000,000",Happy Valley,2021/01/06
4,5,EVER FORCE(D453),A Badel,C S Shum,126,1026,9,3/4,"3                                                        

2                                                        

4",1:10.61,7.4,5(321),Class 4 - 1200M - (60-40),GOOD,"TURF - ""A"" Course","HK$ 1,000,000",Happy Valley,2021/01/06
5,4,A SMILE LIKE YOURS(E089),J Moreira,J Size,128,1003,7,1,"2                                                        

3                                                        

5",1:10.64,2.8,5(321),Class 4 - 1200M - (60-40),GOOD,"TURF - ""A"" Course","HK$ 1,000,000",Happy Valley,2021/01/06
6,2,TELECOM PUMA(C181),C Soumillon,C Fownes,133,1156,11,2-1/2,"5                                                        

4                                                        

6",1:10.87,5.5,5(321),Class 4 - 1200M - (60-40),GOOD,"TURF - ""A"" Course","HK$ 1,000,000",Happy Valley,2021/01/06
7,1,TAKINGUFURTHER(C131),M L Yeung,K H Ting,133,1095,1,4-1/4,"6                                                        

5                                                        

7",1:11.15,12,5(321),Class 4 - 1200M - (60-40),GOOD,"TURF - ""A"" Course","HK$ 1,000,000",Happy Valley,2021/01/06
8,11,JOYFUL MOMENTS(T134),H N Wong,C W Chang,119,1177,12,7-1/2,"10                                                        

11                                                        

8",1:11.69,187,5(321),Class 4 - 1200M - (60-40),GOOD,"TURF - ""A"" Course","HK$ 1,000,000",Happy Valley,2021/01/06
9,10,PAKISTAN ZINDABAD(D312),A Hamelin,A S Cruz,124,1144,2,7-3/4,"7                                                        

7                                                        

9",1:11.73,34,5(321),Class 4 - 1200M - (60-40),GOOD,"TURF - ""A"" Course","HK$ 1,000,000",Happy Valley,2021/01/06
10,12,ALL THE WAY(D027),M Chadwick,A T Millard,115,1070,10,12-3/4,"9                                                        

9                                                        

10",1:12.50,32,5(321),Class 4 - 1200M - (60-40),GOOD,"TURF - ""A"" Course","HK$ 1,000,000",Happy Valley,2021/01/06
11,6,GOOD BUDDY(E097),M F Poon,D J Hall,124,1242,4,14,"4                                                        

6                                                        

11",1:12.71,101,5(321),Class 4 - 1200M - (60-40),GOOD,"TURF - ""A"" Course","HK$ 1,000,000",Happy Valley,2021/01/06
12,7,YOUR NAME(E016),H T Mo,T P Yung,123,1095,5,27,"12                                                        

12                                                        

12",1:14.79,60,5(321),Class 4 - 1200M - (60-40),GOOD,"TURF - ""A"" Course","HK$ 1,000,000",Happy Valley,2021/01/06
1,10,KURPANY(D172),A Badel,C Fownes,117,1145,1,-,"7                                                        

3                                                        

1",0:56.68,3.5,6(322),Class 3 - 1000M - (80-60),GOOD,"TURF - ""A"" Course","HK$ 1,500,000",Happy Valley,2021/01/06
2,12,WILD WEST WING(C381),A Hamelin,J Size,117,1074,2,3-1/2,"1                                                        

1                                                        

2",0:57.23,9.6,6(322),Class 3 - 1000M - (80-60),GOOD,"TURF - ""A"" Course","HK$ 1,500,000",Happy Valley,2021/01/06
3,7,FABULOUS EIGHT(B473),J Moreira,P F Yiu,123,1142,7,3-3/4,"3                                                        

2                                                        

3",0:57.29,2.8,6(322),Class 3 - 1000M - (80-60),GOOD,"TURF - ""A"" Course","HK$ 1,500,000",Happy Valley,2021/01/06
4,2,KAI XIN DRAGON(E174),K Teetan,D A Hayes,132,1181,9,4,"6                                                        

6                                                        

4",0:57.30,11,6(322),Class 3 - 1000M - (80-60),GOOD,"TURF - ""A"" Course","HK$ 1,500,000",Happy Valley,2021/01/06
5,5,STRIVE FOR GLORY(D186),V Borges,F C Lor,126,1083,4,4,"11                                                        

9                                                        

5",0:57.33,175,6(322),Class 3 - 1000M - (80-60),GOOD,"TURF - ""A"" Course","HK$ 1,500,000",Happy Valley,2021/01/06
6,1,SAUL'S SPECIAL(A293),C Soumillon,C W Chang,133,1136,3,4-1/4,"4                                                        

4                                                        

6",0:57.37,9.7,6(322),Class 3 - 1000M - (80-60),GOOD,"TURF - ""A"" Course","HK$ 1,500,000",Happy Valley,2021/01/06
7,6,MAN STAR(D429),C Schofield,K H Ting,125,1160,10,5,"5                                                        

7                                                        

7",0:57.48,34,6(322),Class 3 - 1000M - (80-60),GOOD,"TURF - ""A"" Course","HK$ 1,500,000",Happy Valley,2021/01/06
8,8,LITTLE BIRD(B069),K C Leung,K L Man,123,1213,6,5,"8                                                        

8                                                        

8",0:57.50,47,6(322),Class 3 - 1000M - (80-60),GOOD,"TURF - ""A"" Course","HK$ 1,500,000",Happy Valley,2021/01/06
9,3,FLYING GENIUS(D071),Z Purton,A S Cruz,131,1199,8,5-1/4,"10                                                        

10                                                        

9",0:57.53,5.9,6(322),Class 3 - 1000M - (80-60),GOOD,"TURF - ""A"" Course","HK$ 1,500,000",Happy Valley,2021/01/06
10,9,NORDIC WELLSTAR(E207),C L Chau,D J Whyte,116,1067,12,7,"9                                                        

11                                                        

10",0:57.78,44,6(322),Class 3 - 1000M - (80-60),GOOD,"TURF - ""A"" Course","HK$ 1,500,000",Happy Valley,2021/01/06
11,4,MR LUMIERES(B179),H T Mo,D J Hall,126,1118,11,8,"12                                                        

12                                                        

11",0:57.94,100,6(322),Class 3 - 1000M - (80-60),GOOD,"TURF - ""A"" Course","HK$ 1,500,000",Happy Valley,2021/01/06
12,11,MOMENT OF POWER(V138),M L Yeung,P O'Sullivan,117,1117,5,11-3/4,"2                                                        

5                                                        

12",0:58.54,44,6(322),Class 3 - 1000M - (80-60),GOOD,"TURF - ""A"" Course","HK$ 1,500,000",Happy Valley,2021/01/06
1,6,MALDIVES(D329),Z Purton,D J Hall,126,1132,1,-,"7                                                        

8                                                        

6                                                        

1",1:40.69,2,7(323),Class 4 - 1650M - (60-40),GOOD,"TURF - ""A"" Course","HK$ 1,000,000",Happy Valley,2021/01/06
2,3,CHARIZARD(B463),C Soumillon,D E Ferraris,128,1063,4,SH,"5                                                        

6                                                        

3                                                        

2",1:40.70,12,7(323),Class 4 - 1650M - (60-40),GOOD,"TURF - ""A"" Course","HK$ 1,000,000",Happy Valley,2021/01/06
3,4,V CHEVALIERS(C358),A Badel,K L Man,128,1121,6,3/4,"6                                                        

7                                                        

7                                                        

3",1:40.81,7.7,7(323),Class 4 - 1650M - (60-40),GOOD,"TURF - ""A"" Course","HK$ 1,000,000",Happy Valley,2021/01/06
4,12,SURE WIN WIN(D407),K C Leung,T P Yung,118,1204,7,1-3/4,"4                                                        

4                                                        

4                                                        

4",1:40.98,22,7(323),Class 4 - 1650M - (60-40),GOOD,"TURF - ""A"" Course","HK$ 1,000,000",Happy Valley,2021/01/06
5,8,PERFECT TO PLAY(B095),C Y Ho,C Fownes,119,1050,10,2-1/2,"10                                                        

9                                                        

9                                                        

5",1:41.11,33,7(323),Class 4 - 1650M - (60-40),GOOD,"TURF - ""A"" Course","HK$ 1,000,000",Happy Valley,2021/01/06
6,7,CHAIRMAN LO(C062),K Teetan,J Size,121,1220,5,3-3/4,"2                                                        

2                                                        

1                                                        

6",1:41.29,19,7(323),Class 4 - 1650M - (60-40),GOOD,"TURF - ""A"" Course","HK$ 1,000,000",Happy Valley,2021/01/06
7,9,STARLIT KNIGHT(A137),H N Wong,Y S Tsui,116,1130,11,4-3/4,"1                                                        

1                                                        

2                                                        

7",1:41.47,44,7(323),Class 4 - 1650M - (60-40),GOOD,"TURF - ""A"" Course","HK$ 1,000,000",Happy Valley,2021/01/06
8,2,HAPPY FORTUNE(D341),H T Mo,L Ho,127,1076,3,5-1/4,"11                                                        

10                                                        

10                                                        

8",1:41.53,154,7(323),Class 4 - 1650M - (60-40),GOOD,"TURF - ""A"" Course","HK$ 1,000,000",Happy Valley,2021/01/06
9,10,HAPPY JAI JAI(E069),M L Yeung,D A Hayes,118,1052,2,5-1/4,"3                                                        

3                                                        

5                                                        

9",1:41.53,24,7(323),Class 4 - 1650M - (60-40),GOOD,"TURF - ""A"" Course","HK$ 1,000,000",Happy Valley,2021/01/06
10,11,SUNNY SMILE(D074),H W Lai,D E Ferraris,117,999,12,11-1/4,"12                                                        

12                                                        

11                                                        

10",1:42.50,321,7(323),Class 4 - 1650M - (60-40),GOOD,"TURF - ""A"" Course","HK$ 1,000,000",Happy Valley,2021/01/06
11,1,REGENCY MASTER(D225),J Moreira,C S Shum,133,1033,9,13-1/2,"8                                                        

5                                                        

8                                                        

11",1:42.87,3.3,7(323),Class 4 - 1650M - (60-40),GOOD,"TURF - ""A"" Course","HK$ 1,000,000",Happy Valley,2021/01/06
12,5,A SHIN CHALLENGE(D316),C Wong,W Y So,121,945,8,30-1/2,"9                                                        

11                                                        

12                                                        

12",1:45.55,276,7(323),Class 4 - 1650M - (60-40),GOOD,"TURF - ""A"" Course","HK$ 1,000,000",Happy Valley,2021/01/06
1,2,KA YING MASTER(C240),Z Purton,T P Yung,127,1182,7,-,"2                                                        

2                                                        

1",1:09.82,6.3,8(324),Class 3 - 1200M - (80-60),GOOD,"TURF - ""A"" Course","HK$ 1,500,000",Happy Valley,2021/01/06
2,4,ALCARI(A354),K C Leung,P F Yiu,124,1215,9,1/2,"8                                                        

8                                                        

2",1:09.92,29,8(324),Class 3 - 1200M - (80-60),GOOD,"TURF - ""A"" Course","HK$ 1,500,000",Happy Valley,2021/01/06
3,10,HALL OF CHAMP(D169),A Badel,D J Hall,119,1063,6,3/4,"7                                                        

7                                                        

3",1:09.96,8,8(324),Class 3 - 1200M - (80-60),GOOD,"TURF - ""A"" Course","HK$ 1,500,000",Happy Valley,2021/01/06
4,11,SEVEN HEAVENS(B089),N Callan,C Fownes,120,1106,2,1,"4                                                        

4                                                        

4",1:09.99,5.2,8(324),Class 3 - 1200M - (80-60),GOOD,"TURF - ""A"" Course","HK$ 1,500,000",Happy Valley,2021/01/06
5,7,SHOUSON(C326),K Teetan,A T Millard,120,1155,1,1-1/2,"3                                                        

3                                                        

5",1:10.05,4,8(324),Class 3 - 1200M - (80-60),GOOD,"TURF - ""A"" Course","HK$ 1,500,000",Happy Valley,2021/01/06
6,1,IMA SINGLE MAN(D476),M Chadwick,A S Cruz,133,1105,5,1-3/4,"6                                                        

6                                                        

6",1:10.08,7.5,8(324),Class 3 - 1200M - (80-60),GOOD,"TURF - ""A"" Course","HK$ 1,500,000",Happy Valley,2021/01/06
7,6,HARDLY SWEARS(C025),C Soumillon,K H Ting,120,1105,10,2-3/4,"11                                                        

11                                                        

7",1:10.27,12,8(324),Class 3 - 1200M - (80-60),GOOD,"TURF - ""A"" Course","HK$ 1,500,000",Happy Valley,2021/01/06
8,9,FIRST RESPONDER(C205),A Hamelin,D J Whyte,119,1194,3,3-1/2,"1                                                        

1                                                        

8",1:10.39,10,8(324),Class 3 - 1200M - (80-60),GOOD,"TURF - ""A"" Course","HK$ 1,500,000",Happy Valley,2021/01/06
9,12,WINSTON'S LAD(T348),C Y Ho,K W Lui,117,1089,12,4,"9                                                        

10                                                        

9",1:10.44,58,8(324),Class 3 - 1200M - (80-60),GOOD,"TURF - ""A"" Course","HK$ 1,500,000",Happy Valley,2021/01/06
10,5,COMPASSION SPIRIT(D167),M L Yeung,K L Man,124,1097,4,4,"5                                                        

5                                                        

10",1:10.45,20,8(324),Class 3 - 1200M - (80-60),GOOD,"TURF - ""A"" Course","HK$ 1,500,000",Happy Valley,2021/01/06
11,3,BEAUTY SPARK(C318),C L Chau,F C Lor,118,1150,8,4-3/4,"10                                                        

9                                                        

11",1:10.59,12,8(324),Class 3 - 1200M - (80-60),GOOD,"TURF - ""A"" Course","HK$ 1,500,000",Happy Valley,2021/01/06
12,8,SUPER COMMANDER(D350),V Borges,D E Ferraris,120,1088,11,6-1/2,"12                                                        

12                                                        

12",1:10.87,205,8(324),Class 3 - 1200M - (80-60),GOOD,"TURF - ""A"" Course","HK$ 1,500,000",Happy Valley,2021/01/06
1,4,CELESTIAL POWER(D393),M F Poon,F C Lor,128,1181,1,-,"5                                                        

4                                                        

4                                                        

4                                                        

1",1:50.25,5.3,9(325),Class 3 - 1800M - (80-60),GOOD,"TURF - ""A"" Course","HK$ 1,500,000",Happy Valley,2021/01/06
2,8,BEAUTY ANGEL(C541),C Soumillon,A S Cruz,121,1009,5,SH,"2                                                        

1                                                        

1                                                        

1                                                        

2",1:50.28,5,9(325),Class 3 - 1800M - (80-60),GOOD,"TURF - ""A"" Course","HK$ 1,500,000",Happy Valley,2021/01/06
3,9,CLEMENT LEGEND(B137),C Y Ho,C S Shum,120,1155,3,1-1/2,"10                                                        

8                                                        

8                                                        

8                                                        

3",1:50.49,11,9(325),Class 3 - 1800M - (80-60),GOOD,"TURF - ""A"" Course","HK$ 1,500,000",Happy Valley,2021/01/06
4,1,HAPPY MY BROTHER(E003),C L Chau,K W Lui,123,1107,6,2,"3                                                        

5                                                        

5                                                        

2                                                        

4",1:50.56,15,9(325),Class 3 - 1800M - (80-60),GOOD,"TURF - ""A"" Course","HK$ 1,500,000",Happy Valley,2021/01/06
5,2,ENRICHMENT(B457),J Moreira,J Size,131,1065,10,2-1/4,"12                                                        

11                                                        

10                                                        

9                                                        

5",1:50.63,4.8,9(325),Class 3 - 1800M - (80-60),GOOD,"TURF - ""A"" Course","HK$ 1,500,000",Happy Valley,2021/01/06
6,7,AWE(D168),Z Purton,D A Hayes,121,1056,11,3,"11                                                        

6                                                        

6                                                        

6                                                        

6",1:50.74,15,9(325),Class 3 - 1800M - (80-60),GOOD,"TURF - ""A"" Course","HK$ 1,500,000",Happy Valley,2021/01/06
7,10,MURRAY'S PARTNERS(B426),K Teetan,C H Yip,120,1171,4,4,"6                                                        

7                                                        

7                                                        

7                                                        

7",1:50.89,7.9,9(325),Class 3 - 1800M - (80-60),GOOD,"TURF - ""A"" Course","HK$ 1,500,000",Happy Valley,2021/01/06
8,5,LONDON HALL(B026),A Badel,D J Hall,129,1118,2,4-1/4,"8                                                        

9                                                        

9                                                        

12                                                        

8",1:50.92,8.4,9(325),Class 3 - 1800M - (80-60),GOOD,"TURF - ""A"" Course","HK$ 1,500,000",Happy Valley,2021/01/06
9,3,ARROGANT(D025),C Schofield,C Fownes,130,1065,12,4-3/4,"9                                                        

12                                                        

12                                                        

10                                                        

9",1:50.99,19,9(325),Class 3 - 1800M - (80-60),GOOD,"TURF - ""A"" Course","HK$ 1,500,000",Happy Valley,2021/01/06
10,12,DIVINE UNICORN(C269),V Borges,W Y So,113,1208,9,5-3/4,"7                                                        

10                                                        

11                                                        

11                                                        

10",1:51.18,44,9(325),Class 3 - 1800M - (80-60),GOOD,"TURF - ""A"" Course","HK$ 1,500,000",Happy Valley,2021/01/06
11,6,BLASTOISE(C450),A Hamelin,D E Ferraris,128,1096,8,8,"4                                                        

3                                                        

2                                                        

3                                                        

11",1:51.52,47,9(325),Class 3 - 1800M - (80-60),GOOD,"TURF - ""A"" Course","HK$ 1,500,000",Happy Valley,2021/01/06
12,11,TOYCOON(D203),K C Leung,P F Yiu,119,1033,7,13-1/4,"1                                                        

2                                                        

3                                                        

5                                                        

12",1:52.38,17,9(325),Class 3 - 1800M - (80-60),GOOD,"TURF - ""A"" Course","HK$ 1,500,000",Happy Valley,2021/01/06
WV,,EASY GO EASY WIN(B112),C L Chau,D J Whyte,126,---,---,---,---,---,---,9(325),Class 3 - 1800M - (80-60),GOOD,"TURF - ""A"" Course","HK$ 1,500,000",Happy Valley,2021/01/06
